subject,grade,topic
Leadership,5,Communication Skills
Leadership,5,Conflict Resolution
Leadership,5,Goal Setting
Leadership,5,Public Speaking
Leadership,5,Teamwork
Leadership,5,Community Service
Leadership,5,Ethical Decision Making
Leadership,5,Leadership Styles
Leadership,5,Decision Making
Leadership,5,Time Management
Leadership,5,Environmental Sustainability
Leadership,5,Emotional Intelligence
Leadership,5,Cultural Diversity
Leadership,5,Financial Literacy
Leadership,5,Personal growth and self-awareness
Leadership,5,Organizational Skills
Leadership,5,Problem Solving
Leadership,5,Event Planning
Leadership,5,Peer Mentorship
Leadership,5,Service Learning
Leadership,5,Critical Thinking Skills
Leadership,5,Exploring Different Leadership Styles
Leadership,5,Positive Mindset
Leadership,5,Citizenship and Civic Responsibility
Leadership,5,Creative Thinking
Leadership,6,Strategic Planning
Leadership,6,Building Empathy
Leadership,6,Career Exploration
Leadership,6,Building Confidence and Assertiveness
Leadership,6,Personal Hygiene and Grooming
Leadership,6,Conflict Management
Leadership,6,Peer Pressure
Leadership,6,Mindfulness
Leadership,6,Entrepreneurship
Leadership,6,Global Citizenship
Leadership,6,Networking Skills
Leadership,6,Self-Reflection and Self-Awareness
Leadership,6,Interpersonal Relationships
Leadership,6,Media Literacy
Leadership,6,Mentoring Skills
Leadership,6,Stress Management
Leadership,6,Leadership in the Digital Age
Leadership,6,Mind Mapping
Leadership,6,Creative Expression through Art
Leadership,6,Building Resilience
Leadership,6,Problem Solving Skills
Leadership,6,Team Building Exercises
Leadership,6,Interview Skills
Leadership,6,Study Skills
Leadership,6,Media Literacy in Leadership
Leadership,7,Leadership in Sports
Leadership,7,Positive Leadership Traits
Leadership,7,Project Management
Leadership,7,Leadership in Social Media
Leadership,7,Networking Strategies
Leadership,7,Decision Making in Crisis Situations
Leadership,7,Mindfulness in Leadership
Leadership,7,Leadership in Technology Integration
Leadership,7,Resilience in Leadership
Leadership,7,Conflict Resolution in Leadership
Leadership,7,Leadership in Human Rights
Leadership,7,Peer Influence
Leadership,7,Leadership in Innovation
Leadership,7,Self-Care and Wellness Leadership
Leadership,7,Leadership in School Politics
Leadership,7,Leadership in Community Engagement
Leadership,7,Leadership in Diversity and Inclusion
Leadership,7,Leadership in Peer Support
Leadership,7,Leadership in the Arts
Leadership,7,Leadership in Public Speaking
Leadership,7,Leadership in Project Management
Leadership,7,Leadership in Goal Setting
Leadership,7,Leadership in Cyberbullying Prevention
Leadership,7,Leadership in Service Projects
Leadership,7,Leadership in Creative Problem Solving
Leadership,8,Leadership in Social Justice
Leadership,8,Leadership in Time Management and Prioritization
Leadership,8,Leadership in Ethical Leadership
Leadership,8,Leadership in Entrepreneurship and Business Management
Leadership,8,Global Leadership Issues
Leadership,8,Leadership in Environmental Conservation
Leadership,8,Leadership in Volunteerism
Leadership,8,Leadership in Digital Citizenship
Leadership,8,Leadership in Personal Branding
Leadership,8,Leadership in Media Literacy
Leadership,8,Leadership in Effective Feedback
Leadership,8,Leadership in Social Emotional Learning
Leadership,8,Leadership in Peer Conflict Resolution
Leadership,8,Personal Leadership Development
Leadership,8,Leadership in Cultural Competence
Leadership,8,Building Resilience in Leadership
Leadership,8,Leadership in Advocacy and Activism
Leadership,8,Leadership in Student Government
Leadership,8,Leadership in Mindfulness Practices
Leadership,8,Leadership in Positive School Culture
Leadership,8,Leadership in Social Skills
Leadership,8,Inclusive Leadership
Leadership,8,Leadership in Social Change
Leadership,8,Leadership in Diversity Training
Leadership,8,Leadership in Community Service Events
Leadership,5,Leadership in Student Empowerment
Leadership,5,Entrepreneurship Skills
Leadership,5,Developing Leadership Vision
Leadership,5,Leadership in Global Citizenship
Leadership,5,Leadership in Youth Empowerment
Leadership,5,Time Management for Leaders
Leadership,5,Digital Literacy
Leadership,5,Responsible Decision Making
Leadership,5,Leadership in Conflict Management
Leadership,5,Leadership in Peer Mentorship
Leadership,5,Resilience Training
Leadership,5,Leadership in Problem Based Learning
Leadership,5,Leadership in Building Relationships
Leadership,5,Setting and Achieving SMART Goals
Leadership,5,Leadership in Peer Feedback
Leadership,5,Leadership in Anti-Bullying Initiatives
Leadership,5,Leadership in Peer Accountability
Leadership,5,Leadership in Inclusivity and Diversity
Leadership,5,Leadership in Resilience Building
Leadership,5,Leadership in Team Building
Leadership,5,Communication Skills in Leadership
Leadership,5,Adapting to Change and Flexibility
Leadership,5,Leadership in Cultural Diversity and Inclusion
Leadership,5,Leadership in Character Development
Leadership,5,Empathy Building
Leadership,6,Leadership in Health and Wellness
Leadership,6,Leadership in Personal Development
Leadership,6,Leadership in Conflict Resolution
Leadership,6,Leadership in Social Media Influences
Leadership,6,Leadership in Community Building
Leadership,6,Leadership in Time Management
Leadership,6,Leadership in Group Dynamics
Leadership,6,Leadership in Peer Coaching
Leadership,6,Leadership in Growth Mindset
Leadership,6,Creativity and Innovation
Leadership,6,Digital Citizenship & Online Etiquette
Leadership,6,Leadership in Motivation
Leadership,6,Leadership in Effective Listening
Leadership,6,Leadership in Resolving Peer Conflict
Leadership,6,Leadership in Peer Mediation
Leadership,6,Building Self-Confidence
Leadership,6,Leadership in Decision Making
Leadership,6,Leadership in Sportsmanship
Leadership,6,Exploring Leadership Styles and Characteristics
Leadership,6,Leadership in Student Engagement
Leadership,6,Leadership in Decision Making Styles
Leadership,6,Leadership in Self-Advocacy
Leadership,6,Leadership in Team Communication
Leadership,6,Leadership in Goal Setting and Achievement
Leadership,6,Leadership in Mentorship
Leadership,7,Leadership in Time Management Skills
Leadership,7,Analyzing and Evaluating Feedback
Leadership,7,Leadership in Media Literacy and Digital Citizenship.
Leadership,7,Leadership in Empowerment
Leadership,7,Leadership in Personal Finance
Leadership,7,Leadership in Digital Etiquette
Leadership,7,Leadership in Creativity and Innovation
Leadership,7,Conflict Management and Resolution
Leadership,7,Leadership in Peer Empowerment
Leadership,7,Conflict Resolution Techniques
Leadership,7,Leadership in Self-Care and Wellness
Leadership,7,Developing a Growth Mindset
Leadership,7,Leadership in Environmental Sustainability
Leadership,7,Leadership in Active Listening
Leadership,7,Leadership in Diversity Awareness
Leadership,7,Leadership in Community Leadership
Leadership,7,Developing Leadership Skills for Peer Tutoring
Leadership,7,Leadership in Innovation Ecosystems
Leadership,7,Leadership in Emotional Intelligence
Leadership,7,Ethical Leadership Skills
Leadership,7,Team Leadership Dynamics
Leadership,7,Growth Mindset and Perseverance
Leadership,7,Understanding Diversity and Inclusion
Leadership,7,Maintaining a Positive Attitude
Leadership,7,Leadership in Digital Literacy
Leadership,8,Leadership in Teamwork Skills
Leadership,8,Interpersonal Communication Skills
Leadership,8,Building Trust in Leadership
Leadership,8,Strategic Leadership Skills
Leadership,8,Leadership in Conflict Resolution in Peer Leadership
Leadership,8,Leadership in School Clubs and Organizations
Leadership,8,Civic Engagement and Advocacy
Leadership,8,Leadership in Social Skills and Etiquette
Leadership,8,Developing Leadership Skills for Conflict Resolution
Leadership,8,Leadership in Cultural Competency
Leadership,8,Leadership in Social Entrepreneurship
Leadership,8,Leadership in Classroom Management
Leadership,8,Digital Citizenship for Leaders
Leadership,8,Developing Leadership Skills in the Performing Arts
Leadership,8,Leadership in Emotional Regulation
Leadership,8,Leadership in Volunteer Management
Leadership,8,Leadership in Group Decision Making
Leadership,8,Leadership in Media Production
Leadership,8,Leadership in Civic Engagement
Leadership,8,Leadership in Peer Evaluation
Leadership,8,Empowering Others
Leadership,8,Leadership in Personal Reflection
Leadership,8,Leadership in Gender Equality
Leadership,8,Leadership in Servant Leadership
Leadership,8,Individual Leadership Development
Leadership,5,Conflict Resolution Skills
Leadership,5,Positive Leadership Behaviors
Leadership,5,Inclusive Leadership Practices
Leadership,5,Leadership in Global Awareness
Leadership,5,Building Leadership Skills Through Peer Mentorship
Leadership,5,Leadership in Cultivating Empathy
Leadership,5,Leadership in Peer Leadership
Leadership,5,Leadership in Goal Setting Skills
Leadership,5,Leadership in Digital Citizenship.
Leadership,5,Leadership in Building Self-Esteem
Leadership,5,Resilience and Grit
Leadership,5,Digital Storytelling
Leadership,5,Leadership in Research and Data Analysis
Leadership,5,Leadership in Team Building Skills
Leadership,5,Exploring Leadership Qualities
Leadership,5,Peer Leadership
Leadership,5,Effective Decision Making
Leadership,5,Leadership in Decision Making Skills
Leadership,5,Understanding Leadership Qualities
Leadership,5,Leadership in Time Management for Students
Leadership,5,Leadership in Leadership Development
Leadership,5,Creative Thinking Skills
Leadership,5,Leadership in Conflict Resolution.
Leadership,5,Leadership in Social Skills and Communication
Leadership,5,Creative Leadership Projects
Leadership,6,Leadership in Relationship Building.
Leadership,6,Leadership in Project Management.
Leadership,6,Leadership in Social Justice Movement
Leadership,6,Leadership in Cultural Competency and Inclusion
Leadership,6,Leadership in School Spirit and Pride
Leadership,6,Leadership in Digital Literacy.
Leadership,6,Developing Leadership Skills Through Public Speaking
Leadership,6,Leadership in Cyber Safety
Leadership,6,Understanding Intersectional Leadership
Leadership,6,Leadership in Peer Support Groups
Leadership,6,Leadership in Youth Advocacy
Leadership,6,Leadership in Understanding Emotional Intelligence
Leadership,6,Leadership in Peer Leadership Councils
Leadership,6,Impact of Positive Leadership on Team Dynamics
Leadership,6,Leadership in Classroom Leadership Skills
Leadership,6,Leadership in Character Education
Leadership,6,Leadership in Conflict Management.
Leadership,6,Leadership in Student Empowerment Programs
Leadership,6,Decision-Making Skills
Leadership,6,Responsible Social Media Use
Leadership,6,Digital Citizenship and Online Safety
Leadership,6,Leadership in College and Career Readiness
Leadership,6,Leadership in Innovation in Technology
Leadership,6,Choosing an Effective Leadership Team.
Leadership,6,Personal Goal Setting
Leadership,7,Effective Communication Skills
Leadership,7,Leadership in Digital Literacy and Online Safety
Leadership,7,Leadership in Global Citizenship Education
Leadership,7,Leadership in Social Justice Advocacy
Leadership,7,Conflict Management Skills
Leadership,7,Leadership in Learning Styles
Leadership,7,Leadership in Peer Leadership Skills
Leadership,7,Problem Solving for Leaders
Leadership,7,Physical Health and Wellness Leadership
Leadership,7,Leadership in Peer Support Programs
Leadership,7,Leadership in Civic Responsibility
Leadership,7,Leadership in School Leadership Governance
Leadership,7,Leadership in Gender and Equity Issues
Leadership,7,Setting and Achieving Personal Leadership Goals
Leadership,7,Diversity and Inclusion Leadership
Leadership,7,Leadership in Student Leadership Development
Leadership,7,Exploring Leadership Roles
Leadership,7,Conflict Resolution in School Leadership
Leadership,7,Leadership in Cross-Cultural Communication
Leadership,7,Leadership in Decision MakingProcesses
Leadership,7,Leadership in Peer Collaboration
Leadership,7,Leadership in Change Management
Leadership,7,Leadership in Social Emotional Learning.
Leadership,7,Leadership in Decision Making Processes
Leadership,7,Conflict Resolution Strategies
Leadership,8,Navigating Leadership in Middle School
Leadership,8,Experiential Learning
Leadership,8,Public Relations and Media Relations.
Leadership,8,The Impact of Social Media on Leadership
Leadership,8,Leadership in Peer Mentorship and Coaching
Leadership,8,Leadership in Creativity and Problem Solving
Leadership,8,Effective Leadership Principles
Leadership,8,Maintaining Accountability in Leadership
Leadership,8,Leadership in Service Projects.
Leadership,8,Critical Feedback and Constructive Criticism
Leadership,8,Developing Leadership Skills Through Team Building
Leadership,8,Leadership in Sustainability
Leadership,8,Leadership in Youth Activism
Leadership,8,Leadership in Media Literacy and Representation
Leadership,8,Leadership in Building Positive Relationships.
Leadership,8,Leadership in Digital Wellness
Leadership,8,Leadership in Social Awareness
Leadership,8,Differentiated Instruction for Leaders
Leadership,8,Leadership in Conflict Resolution and Mediation
Leadership,8,Leadership in Effective Leadership Communication
Leadership,8,Building Leadership Capacity in Others
Leadership,8,Understanding Workplace Dynamics
Leadership,8,Leadership in Multicultural Awareness
Leadership,8,Understanding Leadership Characteristics
Leadership,8,Leadership in Strategic Planning
